id,state,type_of_auth,hs_ged,bach,teacher_cert,add_test_req,consec_day_rec,num_consec,teacher_overall,recs_req,rec_src,thumbprint1,AL,Substitute License,1,0,0,0,0,-1,-1,1,0,12,AK,Substitute Teacher (20 days or more),1,1,1,0,0,-1,-1,0,-1,13,AK,Substitute Teacher (< 20 days),1,0,0,0,1,20,1,0,-1,14,AZ,Substitute Certificate,1,1,0,0,1,120,1,0,-1,15,AZ,Emergency Substitute Certificate,1,0,0,0,1,120,1,0,-1,16,AR,Waiver for Long-Term Substitute Teachers,1,0,1,0,0,-1,-1,0,-1,07,AR,Waiver for Substitute Teachers,0,0,0,0,1,30,1,0,-1,08,CA,Emergency 30 Day Substitute Teaching Permit,1,1,0,1,0,-1,-1,0,-1,19,CA,Emergency Substitute Teaching Permit for Prospective Teachers,1,0,0,1,0,-1,-1,0,-1,110,CA,Emergency Career Substitute Permit,1,1,0,1,0,-1,-1,1,1,111,CO,One Year Substitute Authorization,1,0,0,0,0,-1,-1,1,0,112,CO,Three Year Substitute Authorization,1,1,0,0,0,-1,-1,0,-1,113,CO,Five Year Substitute Authorization,1,1,1,0,0,-1,-1,0,-1,114,CT,Waiver for Substitute Teaching Without Bachelor's Degree,1,0,0,0,1,40,1,0,-1,115,CT,Substitute Teaching Without Certification,1,1,0,0,0,-1,-1,0,-1,116,DE,N/A,N/A,N/A,N/A,N/A,N/A,N/A,N/A,N/A,N/A,117,DC,Substitute License,1,1,0,0,0,-1,-1,0,-1,018,FL,Substitute Authorization,1,0,0,0,0,-1,-1,0,-1,119,GA,Substitute Teacher ,1,0,0,0,1,10,0,0,-1,020,HI,Class III,1,1,1,0,0,-1,-1,0,-1,121,HI,Class II,1,1,0,0,0,-1,-1,0,-1,122,HI,Class I,0,0,0,0,0,-1,-1,0,-1,123,ID,N/A,N/A,N/A,N/A,N/A,N/A,N/A,N/A,N/A,N/A,124,IL,Substitute Teaching License,1,1,1,1,1,90,1,0,0,125,IN,Substitute Teacher Permit,1,0,0,0,0,-1,-1,0,-1,126,IA,Substitute Teaching License,1,1,1,0,1,90,1,0,-1,127,IA,Substitute Authorization,1,1,0,0,1,5,1,0,-1,128,KS,Standard Substitute License,1,1,0,0,1,90,1,0,-1,129,KS,Emergency Authorization,1,0,0,0,1,30,1,0,-1,130,KY,Substitute Teacher Certification,1,1,1,0,0,-1,-1,0,-1,031,KY,Emergency Substitute Teacher Certification,1,0,0,0,0,-1,-1,0,-1,032,KY,Emergency Substitute Teacher Certification - Career and Technical Education,1,0,0,0,0,-1,-1,0,-1,033,LA,N/A,N/A,N/A,N/A,N/A,N/A,N/A,N/A,N/A,N/A,034,ME,"Substitute Certified, within Cert. Area",1,1,1,0,0,-1,-1,0,-1,135,ME,"Substitute Certified, Teaching Outside Cert. Area",1,1,1,0,1,90,1,0,-1,136,ME,Non-Certified Substitute with Two Years of College,1,1,0,0,1,60,1,0,-1,137,ME,Career and Technical Education Center Substitutes,1,1,0,0,1,60,1,0,-1,138,ME,Substitutes with HS Degree,1,0,0,0,1,60,1,0,-1,139,MD,N/A,N/A,N/A,N/A,N/A,N/A,N/A,N/A,N/A,N/A,140,MA,N/A,N/A,N/A,N/A,N/A,1,90,1,0,-1,141,MA,N/A,N/A,N/A,1,N/A,0,-1,-1,0,-1,142,MI,Full Year Permit,1,1,0,0,0,-1,-1,1,0,043,MI,Substitute Permit,1,0,0,0,1,90,1,1,0,044,MI,Emergency Permit,1,1,0,0,0,-1,-1,1,0,045,MI,Expert-in-Residence Permit,1,1,0,0,0,-1,-1,0,-1,046,MN,Two-Year Short Call Substitute,1,1,0,0,1,15,1,0,-1,047,MN,Five-Year Short Call Substitute,1,1,1,0,1,15,1,0,-1,148,MN,Lifetime Short Call Substitute,1,1,1,0,,-1,-1,0,-1,049,MN,Long Call Substitute,1,1,1,0,0,-1,-1,0,-1,050,MS,N/A,N/A,N/A,N/A,N/A,N/A,N/A,N/A,N/A,N/A,151,MO,Content Substitute,1,1,0,0,0,-1,-1,0,-1,152,MO,Career Technical Substitute - BA,1,0,0,0,0,-1,-1,1,0,153,MO,Career Technical Substitute - AA,1,1,0,0,0,-1,-1,1,0,154,MO,Career Technical Substitute - Other,0,0,0,0,0,-1,-1,1,0,155,MT,Content Substitute Certificate,1,0,0,0,0,-1,-1,0,-1,156,MT,Content Substitute Certificate,0,0,0,0,0,-1,-1,0,-1,157,NE,State Substitute Permit,1,1,1,0,1,90,0,0,-1,158,NE,Local Substitute Permit,1,0,0,0,1,45,-1,1,0,159,NV,Licensed Substitute,1,1,1,0,1,60,1,0,-1,160,NV,Substitute Teacher for Business and Industry,1,0,1,0,0,-1,-1,0,-1,161,NV,Emergency Substitute License,1,0,0,0,1,5,1,1,0,162,NH,N/A,N/A,N/A,0,N/A,1,20,1,N/A,N/A,163,NH,N/A,N/A,N/A,1,N/A,0,-1,-1,N/A,N/A,164,NJ,Substitute Credential,1,0,0,0,1,20,0,0,-1,165,NJ,Career Technical Education Substitute Credential,1,0,0,0,0,-1,-1,1,1,166,NM,Substitute Teacher Authorization - Licensed Teacher,1,0,0,0,0,-1,-1,0,-1,167,NM,Substitute Teacher Authorization - Teacher Prep,1,1,0,0,0,-1,-1,0,-1,168,NM,Substitute Teacher Authorization - Minimum Training,1,0,0,0,0,-1,-1,0,-1,169,NY,Substitute Teaching Auth. - Licensed Teacher,1,1,1,0,0,-1,-1,0,-1,170,NY,Substitute Teaching Authorization - Working Toward Certification,1,0,0,0,0,-1,-1,0,-1,171,NY,Substitute Teaching Authorization - Not Working Toward Certification,0,0,0,0,1,40,1,0,-1,172,NC,N/A,N/A,N/A,N/A,N/A,N/A,-1,-1,N/A,-1,073,ND,Substitute Authorization - In State Licensed Teacher,1,1,1,0,0,-1,-1,0,-1,174,ND,Substitute Authorization - Out of State Licensed Teacher,1,1,1,0,0,-1,-1,0,-1,175,ND,Interim Substitute License,1,0,0,0,0,-1,-1,1,0,176,ND,Substitute Authorization - Restricted License,0,0,1,0,0,-1,-1,0,-1,177,OH,Long-term Substitute License,1,1,0,0,0,-1,-1,1,0,178,OH,Short-term Substitute License,1,1,0,0,1,5,0,0,-1,179,OK,N/A,N/A,N/A,0,N/A,1,90,1,0,-1,180,OK,N/A,N/A,N/A,1,N/A,0,-1,-1,0,-1,181,OR,Substitute Teaching License,1,1,0,1,1,90,0,0,-1,182,OR,Restricted Substitute Teaching License,1,1,0,0,0,-1,-1,1,0,183,PA,Long-Term Sub - No Educ. Obligation (Type 04),1,1,0,0,0,-1,-1,1,2,184,PA,Day-to-Day Substitute (Type 06),1,1,0,0,1,20,0,1,2,185,PA,Substitute with Inactive License in Certification Area (Type 06),1,1,1,0,1,90,1,1,2,186,PA,Vacant Position (Type 01),1,1,1,0,0,-1,-1,1,2,187,PA,Vocational Instruction (Type 01),1,1,1,1,0,-1,-1,1,2,188,RI,Long-term Substitute,1,1,1,0,0,-1,-1,0,-1,189,RI,Day-to-Day Substitute Permit,1,1,0,0,1,20,0,0,-1,190,SC,Substitute Authorization,1,0,0,0,0,-1,-1,0,-1,191,SD,N/A,N/A,N/A,N/A,N/A,N/A,-1,-1,N/A,-1,192,TN,N/A,N/A,N/A,0,N/A,1,0,FALSE,0,-1,193,TN,N/A,N/A,N/A,1,N/A,0,-1,-1,0,-1,194,TX,N/A,N/A,N/A,N/A,N/A,N/A,-1,-1,N/A,-1,195,UT,N/A,N/A,N/A,N/A,N/A,1,40,0,N/A,-1,096,VT,Substitute Authorization,1,N/A,0,N/A,1,30,0,0,-1,197,VT,Substitute Authorization,1,N/A,1,N/A,1,60,0,0,-1,198,VA,Substitute Authorization,1,0,0,0,1,90,0,0,-1,199,WA,Substitute Certificate,1,1,1,0,0,-1,-1,0,-1,1100,WA,Emergency Substitute Certificate,1,1,0,0,0,-1,-1,1,0,1101,WV,Long-Term Substitute Authorization,1,1,0,0,0,-1,-1,1,0,1102,WV,Long-Term Substitute Authorization,1,0,1,0,0,-1,-1,1,0,1103,WV,Short-term Substitute Authorization,1,1,0,0,1,30,0,1,0,1104,WI,Five-Year Substitute License,1,1,1,1,0,-1,-1,0,-1,0105,WI,Three-Year Substitute Permit,1,1,0,0,1,20,0,1,0,0106,WI,Emergency License,1,1,1,0,0,-1,-1,1,0,0107,WI,Emergency Permit,1,1,0,0,0,-1,-1,1,0,0108,WY,Substitute Permit - College Credit Path,1,0,1,1,0,-1,-1,0,-1,1109,WY,Substitute Permit - Alternate Path,1,0,1,1,0,-1,-1,0,-1,1